<application>
  <component name="FindSettings">
    <option name="customScope" value="File '…/src/main/java/Send.java [rabbitmq_tutorials.main]'" />
    <option name="defaultScopeName" value="File '…/src/main/java/Send.java [rabbitmq_tutorials.main]'" />
    <option name="SEARCH_SCOPE" value="File '…/src/main/java/Send.java [rabbitmq_tutorials.main]'" />
    <mask>*.css</mask>
    <mask>*.html</mask>
    <mask>*.xml</mask>
    <mask>*.jsp</mask>
    <mask>*.properties</mask>
    <mask>*.java</mask>
  </component>
</application>