<application>
  <component name="ProjectJdkTable">
    <jdk version="2">
      <name value="corretto-11" />
      <type value="JavaSDK" />
      <version value="Amazon Corretto 11.0.27" />
      <homePath value="$USER_HOME$/.sdkman/candidates/java/11.0.27-amzn" />
      <roots>
        <annotationsPath>
          <root type="composite">
            <root url="jar://$APPLICATION_HOME_DIR$/plugins/java/lib/resources/jdkAnnotations.jar!/" type="simple" />
          </root>
        </annotationsPath>
        <classPath>
          <root type="composite">
            <root url="jrt://$USER_HOME$/.sdkman/candidates/java/11.0.27-amzn!/java.base" type="simple" />
            <root url="jrt://$USER_HOME$/.sdkman/candidates/java/11.0.27-amzn!/java.compiler" type="simple" />
            <root url="jrt://$USER_HOME$/.sdkman/candidates/java/11.0.27-amzn!/java.datatransfer" type="simple" />
            <root url="jrt://$USER_HOME$/.sdkman/candidates/java/11.0.27-amzn!/java.desktop" type="simple" />
            <root url="jrt://$USER_HOME$/.sdkman/candidates/java/11.0.27-amzn!/java.instrument" type="simple" />
            <root url="jrt://$USER_HOME$/.sdkman/candidates/java/11.0.27-amzn!/java.logging" type="simple" />
            <root url="jrt://$USER_HOME$/.sdkman/candidates/java/11.0.27-amzn!/java.management" type="simple" />
            <root url="jrt://$USER_HOME$/.sdkman/candidates/java/11.0.27-amzn!/java.management.rmi" type="simple" />
            <root url="jrt://$USER_HOME$/.sdkman/candidates/java/11.0.27-amzn!/java.naming" type="simple" />
            <root url="jrt://$USER_HOME$/.sdkman/candidates/java/11.0.27-amzn!/java.net.http" type="simple" />
            <root url="jrt://$USER_HOME$/.sdkman/candidates/java/11.0.27-amzn!/java.prefs" type="simple" />
            <root url="jrt://$USER_HOME$/.sdkman/candidates/java/11.0.27-amzn!/java.rmi" type="simple" />
            <root url="jrt://$USER_HOME$/.sdkman/candidates/java/11.0.27-amzn!/java.scripting" type="simple" />
            <root url="jrt://$USER_HOME$/.sdkman/candidates/java/11.0.27-amzn!/java.se" type="simple" />
            <root url="jrt://$USER_HOME$/.sdkman/candidates/java/11.0.27-amzn!/java.security.jgss" type="simple" />
            <root url="jrt://$USER_HOME$/.sdkman/candidates/java/11.0.27-amzn!/java.security.sasl" type="simple" />
            <root url="jrt://$USER_HOME$/.sdkman/candidates/java/11.0.27-amzn!/java.smartcardio" type="simple" />
            <root url="jrt://$USER_HOME$/.sdkman/candidates/java/11.0.27-amzn!/java.sql" type="simple" />
            <root url="jrt://$USER_HOME$/.sdkman/candidates/java/11.0.27-amzn!/java.sql.rowset" type="simple" />
            <root url="jrt://$USER_HOME$/.sdkman/candidates/java/11.0.27-amzn!/java.transaction.xa" type="simple" />
            <root url="jrt://$USER_HOME$/.sdkman/candidates/java/11.0.27-amzn!/java.xml" type="simple" />
            <root url="jrt://$USER_HOME$/.sdkman/candidates/java/11.0.27-amzn!/java.xml.crypto" type="simple" />
            <root url="jrt://$USER_HOME$/.sdkman/candidates/java/11.0.27-amzn!/jdk.accessibility" type="simple" />
            <root url="jrt://$USER_HOME$/.sdkman/candidates/java/11.0.27-amzn!/jdk.aot" type="simple" />
            <root url="jrt://$USER_HOME$/.sdkman/candidates/java/11.0.27-amzn!/jdk.attach" type="simple" />
            <root url="jrt://$USER_HOME$/.sdkman/candidates/java/11.0.27-amzn!/jdk.charsets" type="simple" />
            <root url="jrt://$USER_HOME$/.sdkman/candidates/java/11.0.27-amzn!/jdk.compiler" type="simple" />
            <root url="jrt://$USER_HOME$/.sdkman/candidates/java/11.0.27-amzn!/jdk.crypto.cryptoki" type="simple" />
            <root url="jrt://$USER_HOME$/.sdkman/candidates/java/11.0.27-amzn!/jdk.crypto.ec" type="simple" />
            <root url="jrt://$USER_HOME$/.sdkman/candidates/java/11.0.27-amzn!/jdk.dynalink" type="simple" />
            <root url="jrt://$USER_HOME$/.sdkman/candidates/java/11.0.27-amzn!/jdk.editpad" type="simple" />
            <root url="jrt://$USER_HOME$/.sdkman/candidates/java/11.0.27-amzn!/jdk.hotspot.agent" type="simple" />
            <root url="jrt://$USER_HOME$/.sdkman/candidates/java/11.0.27-amzn!/jdk.httpserver" type="simple" />
            <root url="jrt://$USER_HOME$/.sdkman/candidates/java/11.0.27-amzn!/jdk.internal.ed" type="simple" />
            <root url="jrt://$USER_HOME$/.sdkman/candidates/java/11.0.27-amzn!/jdk.internal.jvmstat" type="simple" />
            <root url="jrt://$USER_HOME$/.sdkman/candidates/java/11.0.27-amzn!/jdk.internal.le" type="simple" />
            <root url="jrt://$USER_HOME$/.sdkman/candidates/java/11.0.27-amzn!/jdk.internal.opt" type="simple" />
            <root url="jrt://$USER_HOME$/.sdkman/candidates/java/11.0.27-amzn!/jdk.internal.vm.ci" type="simple" />
            <root url="jrt://$USER_HOME$/.sdkman/candidates/java/11.0.27-amzn!/jdk.internal.vm.compiler" type="simple" />
            <root url="jrt://$USER_HOME$/.sdkman/candidates/java/11.0.27-amzn!/jdk.internal.vm.compiler.management" type="simple" />
            <root url="jrt://$USER_HOME$/.sdkman/candidates/java/11.0.27-amzn!/jdk.jartool" type="simple" />
            <root url="jrt://$USER_HOME$/.sdkman/candidates/java/11.0.27-amzn!/jdk.javadoc" type="simple" />
            <root url="jrt://$USER_HOME$/.sdkman/candidates/java/11.0.27-amzn!/jdk.jcmd" type="simple" />
            <root url="jrt://$USER_HOME$/.sdkman/candidates/java/11.0.27-amzn!/jdk.jconsole" type="simple" />
            <root url="jrt://$USER_HOME$/.sdkman/candidates/java/11.0.27-amzn!/jdk.jdeps" type="simple" />
            <root url="jrt://$USER_HOME$/.sdkman/candidates/java/11.0.27-amzn!/jdk.jdi" type="simple" />
            <root url="jrt://$USER_HOME$/.sdkman/candidates/java/11.0.27-amzn!/jdk.jdwp.agent" type="simple" />
            <root url="jrt://$USER_HOME$/.sdkman/candidates/java/11.0.27-amzn!/jdk.jfr" type="simple" />
            <root url="jrt://$USER_HOME$/.sdkman/candidates/java/11.0.27-amzn!/jdk.jlink" type="simple" />
            <root url="jrt://$USER_HOME$/.sdkman/candidates/java/11.0.27-amzn!/jdk.jshell" type="simple" />
            <root url="jrt://$USER_HOME$/.sdkman/candidates/java/11.0.27-amzn!/jdk.jsobject" type="simple" />
            <root url="jrt://$USER_HOME$/.sdkman/candidates/java/11.0.27-amzn!/jdk.jstatd" type="simple" />
            <root url="jrt://$USER_HOME$/.sdkman/candidates/java/11.0.27-amzn!/jdk.localedata" type="simple" />
            <root url="jrt://$USER_HOME$/.sdkman/candidates/java/11.0.27-amzn!/jdk.management" type="simple" />
            <root url="jrt://$USER_HOME$/.sdkman/candidates/java/11.0.27-amzn!/jdk.management.agent" type="simple" />
            <root url="jrt://$USER_HOME$/.sdkman/candidates/java/11.0.27-amzn!/jdk.management.jfr" type="simple" />
            <root url="jrt://$USER_HOME$/.sdkman/candidates/java/11.0.27-amzn!/jdk.naming.dns" type="simple" />
            <root url="jrt://$USER_HOME$/.sdkman/candidates/java/11.0.27-amzn!/jdk.naming.ldap" type="simple" />
            <root url="jrt://$USER_HOME$/.sdkman/candidates/java/11.0.27-amzn!/jdk.naming.rmi" type="simple" />
            <root url="jrt://$USER_HOME$/.sdkman/candidates/java/11.0.27-amzn!/jdk.net" type="simple" />
            <root url="jrt://$USER_HOME$/.sdkman/candidates/java/11.0.27-amzn!/jdk.pack" type="simple" />
            <root url="jrt://$USER_HOME$/.sdkman/candidates/java/11.0.27-amzn!/jdk.rmic" type="simple" />
            <root url="jrt://$USER_HOME$/.sdkman/candidates/java/11.0.27-amzn!/jdk.scripting.nashorn" type="simple" />
            <root url="jrt://$USER_HOME$/.sdkman/candidates/java/11.0.27-amzn!/jdk.scripting.nashorn.shell" type="simple" />
            <root url="jrt://$USER_HOME$/.sdkman/candidates/java/11.0.27-amzn!/jdk.sctp" type="simple" />
            <root url="jrt://$USER_HOME$/.sdkman/candidates/java/11.0.27-amzn!/jdk.security.auth" type="simple" />
            <root url="jrt://$USER_HOME$/.sdkman/candidates/java/11.0.27-amzn!/jdk.security.jgss" type="simple" />
            <root url="jrt://$USER_HOME$/.sdkman/candidates/java/11.0.27-amzn!/jdk.unsupported" type="simple" />
            <root url="jrt://$USER_HOME$/.sdkman/candidates/java/11.0.27-amzn!/jdk.unsupported.desktop" type="simple" />
            <root url="jrt://$USER_HOME$/.sdkman/candidates/java/11.0.27-amzn!/jdk.xml.dom" type="simple" />
            <root url="jrt://$USER_HOME$/.sdkman/candidates/java/11.0.27-amzn!/jdk.zipfs" type="simple" />
          </root>
        </classPath>
        <javadocPath>
          <root type="composite" />
        </javadocPath>
        <sourcePath>
          <root type="composite">
            <root url="jar://$USER_HOME$/.sdkman/candidates/java/11.0.27-amzn/lib/src.zip!/java.se" type="simple" />
            <root url="jar://$USER_HOME$/.sdkman/candidates/java/11.0.27-amzn/lib/src.zip!/jdk.aot" type="simple" />
            <root url="jar://$USER_HOME$/.sdkman/candidates/java/11.0.27-amzn/lib/src.zip!/jdk.jdi" type="simple" />
            <root url="jar://$USER_HOME$/.sdkman/candidates/java/11.0.27-amzn/lib/src.zip!/jdk.jfr" type="simple" />
            <root url="jar://$USER_HOME$/.sdkman/candidates/java/11.0.27-amzn/lib/src.zip!/jdk.net" type="simple" />
            <root url="jar://$USER_HOME$/.sdkman/candidates/java/11.0.27-amzn/lib/src.zip!/java.rmi" type="simple" />
            <root url="jar://$USER_HOME$/.sdkman/candidates/java/11.0.27-amzn/lib/src.zip!/java.sql" type="simple" />
            <root url="jar://$USER_HOME$/.sdkman/candidates/java/11.0.27-amzn/lib/src.zip!/java.xml" type="simple" />
            <root url="jar://$USER_HOME$/.sdkman/candidates/java/11.0.27-amzn/lib/src.zip!/jdk.jcmd" type="simple" />
            <root url="jar://$USER_HOME$/.sdkman/candidates/java/11.0.27-amzn/lib/src.zip!/jdk.pack" type="simple" />
            <root url="jar://$USER_HOME$/.sdkman/candidates/java/11.0.27-amzn/lib/src.zip!/jdk.rmic" type="simple" />
            <root url="jar://$USER_HOME$/.sdkman/candidates/java/11.0.27-amzn/lib/src.zip!/jdk.sctp" type="simple" />
            <root url="jar://$USER_HOME$/.sdkman/candidates/java/11.0.27-amzn/lib/src.zip!/java.base" type="simple" />
            <root url="jar://$USER_HOME$/.sdkman/candidates/java/11.0.27-amzn/lib/src.zip!/jdk.jdeps" type="simple" />
            <root url="jar://$USER_HOME$/.sdkman/candidates/java/11.0.27-amzn/lib/src.zip!/jdk.jlink" type="simple" />
            <root url="jar://$USER_HOME$/.sdkman/candidates/java/11.0.27-amzn/lib/src.zip!/jdk.zipfs" type="simple" />
            <root url="jar://$USER_HOME$/.sdkman/candidates/java/11.0.27-amzn/lib/src.zip!/java.prefs" type="simple" />
            <root url="jar://$USER_HOME$/.sdkman/candidates/java/11.0.27-amzn/lib/src.zip!/jdk.attach" type="simple" />
            <root url="jar://$USER_HOME$/.sdkman/candidates/java/11.0.27-amzn/lib/src.zip!/jdk.jshell" type="simple" />
            <root url="jar://$USER_HOME$/.sdkman/candidates/java/11.0.27-amzn/lib/src.zip!/jdk.jstatd" type="simple" />
            <root url="jar://$USER_HOME$/.sdkman/candidates/java/11.0.27-amzn/lib/src.zip!/java.naming" type="simple" />
            <root url="jar://$USER_HOME$/.sdkman/candidates/java/11.0.27-amzn/lib/src.zip!/jdk.editpad" type="simple" />
            <root url="jar://$USER_HOME$/.sdkman/candidates/java/11.0.27-amzn/lib/src.zip!/jdk.jartool" type="simple" />
            <root url="jar://$USER_HOME$/.sdkman/candidates/java/11.0.27-amzn/lib/src.zip!/jdk.javadoc" type="simple" />
            <root url="jar://$USER_HOME$/.sdkman/candidates/java/11.0.27-amzn/lib/src.zip!/jdk.xml.dom" type="simple" />
            <root url="jar://$USER_HOME$/.sdkman/candidates/java/11.0.27-amzn/lib/src.zip!/java.desktop" type="simple" />
            <root url="jar://$USER_HOME$/.sdkman/candidates/java/11.0.27-amzn/lib/src.zip!/java.logging" type="simple" />
            <root url="jar://$USER_HOME$/.sdkman/candidates/java/11.0.27-amzn/lib/src.zip!/jdk.charsets" type="simple" />
            <root url="jar://$USER_HOME$/.sdkman/candidates/java/11.0.27-amzn/lib/src.zip!/jdk.compiler" type="simple" />
            <root url="jar://$USER_HOME$/.sdkman/candidates/java/11.0.27-amzn/lib/src.zip!/jdk.dynalink" type="simple" />
            <root url="jar://$USER_HOME$/.sdkman/candidates/java/11.0.27-amzn/lib/src.zip!/jdk.jconsole" type="simple" />
            <root url="jar://$USER_HOME$/.sdkman/candidates/java/11.0.27-amzn/lib/src.zip!/jdk.jsobject" type="simple" />
            <root url="jar://$USER_HOME$/.sdkman/candidates/java/11.0.27-amzn/lib/src.zip!/java.compiler" type="simple" />
            <root url="jar://$USER_HOME$/.sdkman/candidates/java/11.0.27-amzn/lib/src.zip!/java.net.http" type="simple" />
            <root url="jar://$USER_HOME$/.sdkman/candidates/java/11.0.27-amzn/lib/src.zip!/jdk.crypto.ec" type="simple" />
            <root url="jar://$USER_HOME$/.sdkman/candidates/java/11.0.27-amzn/lib/src.zip!/java.scripting" type="simple" />
            <root url="jar://$USER_HOME$/.sdkman/candidates/java/11.0.27-amzn/lib/src.zip!/jdk.httpserver" type="simple" />
            <root url="jar://$USER_HOME$/.sdkman/candidates/java/11.0.27-amzn/lib/src.zip!/jdk.jdwp.agent" type="simple" />
            <root url="jar://$USER_HOME$/.sdkman/candidates/java/11.0.27-amzn/lib/src.zip!/jdk.localedata" type="simple" />
            <root url="jar://$USER_HOME$/.sdkman/candidates/java/11.0.27-amzn/lib/src.zip!/jdk.management" type="simple" />
            <root url="jar://$USER_HOME$/.sdkman/candidates/java/11.0.27-amzn/lib/src.zip!/jdk.naming.dns" type="simple" />
            <root url="jar://$USER_HOME$/.sdkman/candidates/java/11.0.27-amzn/lib/src.zip!/jdk.naming.rmi" type="simple" />
            <root url="jar://$USER_HOME$/.sdkman/candidates/java/11.0.27-amzn/lib/src.zip!/java.instrument" type="simple" />
            <root url="jar://$USER_HOME$/.sdkman/candidates/java/11.0.27-amzn/lib/src.zip!/java.management" type="simple" />
            <root url="jar://$USER_HOME$/.sdkman/candidates/java/11.0.27-amzn/lib/src.zip!/java.sql.rowset" type="simple" />
            <root url="jar://$USER_HOME$/.sdkman/candidates/java/11.0.27-amzn/lib/src.zip!/java.xml.crypto" type="simple" />
            <root url="jar://$USER_HOME$/.sdkman/candidates/java/11.0.27-amzn/lib/src.zip!/jdk.internal.ed" type="simple" />
            <root url="jar://$USER_HOME$/.sdkman/candidates/java/11.0.27-amzn/lib/src.zip!/jdk.internal.le" type="simple" />
            <root url="jar://$USER_HOME$/.sdkman/candidates/java/11.0.27-amzn/lib/src.zip!/jdk.naming.ldap" type="simple" />
            <root url="jar://$USER_HOME$/.sdkman/candidates/java/11.0.27-amzn/lib/src.zip!/jdk.unsupported" type="simple" />
            <root url="jar://$USER_HOME$/.sdkman/candidates/java/11.0.27-amzn/lib/src.zip!/java.smartcardio" type="simple" />
            <root url="jar://$USER_HOME$/.sdkman/candidates/java/11.0.27-amzn/lib/src.zip!/jdk.internal.opt" type="simple" />
            <root url="jar://$USER_HOME$/.sdkman/candidates/java/11.0.27-amzn/lib/src.zip!/java.datatransfer" type="simple" />
            <root url="jar://$USER_HOME$/.sdkman/candidates/java/11.0.27-amzn/lib/src.zip!/jdk.accessibility" type="simple" />
            <root url="jar://$USER_HOME$/.sdkman/candidates/java/11.0.27-amzn/lib/src.zip!/jdk.hotspot.agent" type="simple" />
            <root url="jar://$USER_HOME$/.sdkman/candidates/java/11.0.27-amzn/lib/src.zip!/jdk.security.auth" type="simple" />
            <root url="jar://$USER_HOME$/.sdkman/candidates/java/11.0.27-amzn/lib/src.zip!/jdk.security.jgss" type="simple" />
            <root url="jar://$USER_HOME$/.sdkman/candidates/java/11.0.27-amzn/lib/src.zip!/java.security.jgss" type="simple" />
            <root url="jar://$USER_HOME$/.sdkman/candidates/java/11.0.27-amzn/lib/src.zip!/java.security.sasl" type="simple" />
            <root url="jar://$USER_HOME$/.sdkman/candidates/java/11.0.27-amzn/lib/src.zip!/jdk.internal.vm.ci" type="simple" />
            <root url="jar://$USER_HOME$/.sdkman/candidates/java/11.0.27-amzn/lib/src.zip!/jdk.management.jfr" type="simple" />
            <root url="jar://$USER_HOME$/.sdkman/candidates/java/11.0.27-amzn/lib/src.zip!/java.management.rmi" type="simple" />
            <root url="jar://$USER_HOME$/.sdkman/candidates/java/11.0.27-amzn/lib/src.zip!/java.transaction.xa" type="simple" />
            <root url="jar://$USER_HOME$/.sdkman/candidates/java/11.0.27-amzn/lib/src.zip!/jdk.crypto.cryptoki" type="simple" />
            <root url="jar://$USER_HOME$/.sdkman/candidates/java/11.0.27-amzn/lib/src.zip!/jdk.internal.jvmstat" type="simple" />
            <root url="jar://$USER_HOME$/.sdkman/candidates/java/11.0.27-amzn/lib/src.zip!/jdk.management.agent" type="simple" />
            <root url="jar://$USER_HOME$/.sdkman/candidates/java/11.0.27-amzn/lib/src.zip!/jdk.scripting.nashorn" type="simple" />
            <root url="jar://$USER_HOME$/.sdkman/candidates/java/11.0.27-amzn/lib/src.zip!/jdk.unsupported.desktop" type="simple" />
            <root url="jar://$USER_HOME$/.sdkman/candidates/java/11.0.27-amzn/lib/src.zip!/jdk.internal.vm.compiler" type="simple" />
            <root url="jar://$USER_HOME$/.sdkman/candidates/java/11.0.27-amzn/lib/src.zip!/jdk.scripting.nashorn.shell" type="simple" />
            <root url="jar://$USER_HOME$/.sdkman/candidates/java/11.0.27-amzn/lib/src.zip!/jdk.internal.vm.compiler.management" type="simple" />
          </root>
        </sourcePath>
      </roots>
    </jdk>
    <jdk version="2">
      <name value="Kotlin SDK" />
      <type value="KotlinSDK" />
      <homePath value="/" />
      <roots>
        <annotationsPath>
          <root type="composite" />
        </annotationsPath>
        <classPath>
          <root type="composite" />
        </classPath>
        <javadocPath>
          <root type="composite" />
        </javadocPath>
        <sourcePath>
          <root type="composite" />
        </sourcePath>
      </roots>
    </jdk>
    <jdk version="2">
      <name value="ms-11" />
      <type value="JavaSDK" />
      <version value="java version &quot;11.0.27&quot;" />
      <homePath value="$USER_HOME$/.jdks/ms-11.0.27-1" />
      <roots>
        <annotationsPath>
          <root type="composite">
            <root url="jar://$APPLICATION_HOME_DIR$/plugins/java/lib/resources/jdkAnnotations.jar!/" type="simple" />
          </root>
        </annotationsPath>
        <classPath>
          <root type="composite">
            <root url="jrt://$USER_HOME$/.jdks/ms-11.0.27-1!/java.base" type="simple" />
            <root url="jrt://$USER_HOME$/.jdks/ms-11.0.27-1!/java.compiler" type="simple" />
            <root url="jrt://$USER_HOME$/.jdks/ms-11.0.27-1!/java.datatransfer" type="simple" />
            <root url="jrt://$USER_HOME$/.jdks/ms-11.0.27-1!/java.desktop" type="simple" />
            <root url="jrt://$USER_HOME$/.jdks/ms-11.0.27-1!/java.instrument" type="simple" />
            <root url="jrt://$USER_HOME$/.jdks/ms-11.0.27-1!/java.logging" type="simple" />
            <root url="jrt://$USER_HOME$/.jdks/ms-11.0.27-1!/java.management" type="simple" />
            <root url="jrt://$USER_HOME$/.jdks/ms-11.0.27-1!/java.management.rmi" type="simple" />
            <root url="jrt://$USER_HOME$/.jdks/ms-11.0.27-1!/java.naming" type="simple" />
            <root url="jrt://$USER_HOME$/.jdks/ms-11.0.27-1!/java.net.http" type="simple" />
            <root url="jrt://$USER_HOME$/.jdks/ms-11.0.27-1!/java.prefs" type="simple" />
            <root url="jrt://$USER_HOME$/.jdks/ms-11.0.27-1!/java.rmi" type="simple" />
            <root url="jrt://$USER_HOME$/.jdks/ms-11.0.27-1!/java.scripting" type="simple" />
            <root url="jrt://$USER_HOME$/.jdks/ms-11.0.27-1!/java.se" type="simple" />
            <root url="jrt://$USER_HOME$/.jdks/ms-11.0.27-1!/java.security.jgss" type="simple" />
            <root url="jrt://$USER_HOME$/.jdks/ms-11.0.27-1!/java.security.sasl" type="simple" />
            <root url="jrt://$USER_HOME$/.jdks/ms-11.0.27-1!/java.smartcardio" type="simple" />
            <root url="jrt://$USER_HOME$/.jdks/ms-11.0.27-1!/java.sql" type="simple" />
            <root url="jrt://$USER_HOME$/.jdks/ms-11.0.27-1!/java.sql.rowset" type="simple" />
            <root url="jrt://$USER_HOME$/.jdks/ms-11.0.27-1!/java.transaction.xa" type="simple" />
            <root url="jrt://$USER_HOME$/.jdks/ms-11.0.27-1!/java.xml" type="simple" />
            <root url="jrt://$USER_HOME$/.jdks/ms-11.0.27-1!/java.xml.crypto" type="simple" />
            <root url="jrt://$USER_HOME$/.jdks/ms-11.0.27-1!/jdk.accessibility" type="simple" />
            <root url="jrt://$USER_HOME$/.jdks/ms-11.0.27-1!/jdk.aot" type="simple" />
            <root url="jrt://$USER_HOME$/.jdks/ms-11.0.27-1!/jdk.attach" type="simple" />
            <root url="jrt://$USER_HOME$/.jdks/ms-11.0.27-1!/jdk.charsets" type="simple" />
            <root url="jrt://$USER_HOME$/.jdks/ms-11.0.27-1!/jdk.compiler" type="simple" />
            <root url="jrt://$USER_HOME$/.jdks/ms-11.0.27-1!/jdk.crypto.cryptoki" type="simple" />
            <root url="jrt://$USER_HOME$/.jdks/ms-11.0.27-1!/jdk.crypto.ec" type="simple" />
            <root url="jrt://$USER_HOME$/.jdks/ms-11.0.27-1!/jdk.dynalink" type="simple" />
            <root url="jrt://$USER_HOME$/.jdks/ms-11.0.27-1!/jdk.editpad" type="simple" />
            <root url="jrt://$USER_HOME$/.jdks/ms-11.0.27-1!/jdk.hotspot.agent" type="simple" />
            <root url="jrt://$USER_HOME$/.jdks/ms-11.0.27-1!/jdk.httpserver" type="simple" />
            <root url="jrt://$USER_HOME$/.jdks/ms-11.0.27-1!/jdk.internal.ed" type="simple" />
            <root url="jrt://$USER_HOME$/.jdks/ms-11.0.27-1!/jdk.internal.jvmstat" type="simple" />
            <root url="jrt://$USER_HOME$/.jdks/ms-11.0.27-1!/jdk.internal.le" type="simple" />
            <root url="jrt://$USER_HOME$/.jdks/ms-11.0.27-1!/jdk.internal.opt" type="simple" />
            <root url="jrt://$USER_HOME$/.jdks/ms-11.0.27-1!/jdk.internal.vm.ci" type="simple" />
            <root url="jrt://$USER_HOME$/.jdks/ms-11.0.27-1!/jdk.internal.vm.compiler" type="simple" />
            <root url="jrt://$USER_HOME$/.jdks/ms-11.0.27-1!/jdk.internal.vm.compiler.management" type="simple" />
            <root url="jrt://$USER_HOME$/.jdks/ms-11.0.27-1!/jdk.jartool" type="simple" />
            <root url="jrt://$USER_HOME$/.jdks/ms-11.0.27-1!/jdk.javadoc" type="simple" />
            <root url="jrt://$USER_HOME$/.jdks/ms-11.0.27-1!/jdk.jcmd" type="simple" />
            <root url="jrt://$USER_HOME$/.jdks/ms-11.0.27-1!/jdk.jconsole" type="simple" />
            <root url="jrt://$USER_HOME$/.jdks/ms-11.0.27-1!/jdk.jdeps" type="simple" />
            <root url="jrt://$USER_HOME$/.jdks/ms-11.0.27-1!/jdk.jdi" type="simple" />
            <root url="jrt://$USER_HOME$/.jdks/ms-11.0.27-1!/jdk.jdwp.agent" type="simple" />
            <root url="jrt://$USER_HOME$/.jdks/ms-11.0.27-1!/jdk.jfr" type="simple" />
            <root url="jrt://$USER_HOME$/.jdks/ms-11.0.27-1!/jdk.jlink" type="simple" />
            <root url="jrt://$USER_HOME$/.jdks/ms-11.0.27-1!/jdk.jshell" type="simple" />
            <root url="jrt://$USER_HOME$/.jdks/ms-11.0.27-1!/jdk.jsobject" type="simple" />
            <root url="jrt://$USER_HOME$/.jdks/ms-11.0.27-1!/jdk.jstatd" type="simple" />
            <root url="jrt://$USER_HOME$/.jdks/ms-11.0.27-1!/jdk.localedata" type="simple" />
            <root url="jrt://$USER_HOME$/.jdks/ms-11.0.27-1!/jdk.management" type="simple" />
            <root url="jrt://$USER_HOME$/.jdks/ms-11.0.27-1!/jdk.management.agent" type="simple" />
            <root url="jrt://$USER_HOME$/.jdks/ms-11.0.27-1!/jdk.management.jfr" type="simple" />
            <root url="jrt://$USER_HOME$/.jdks/ms-11.0.27-1!/jdk.naming.dns" type="simple" />
            <root url="jrt://$USER_HOME$/.jdks/ms-11.0.27-1!/jdk.naming.ldap" type="simple" />
            <root url="jrt://$USER_HOME$/.jdks/ms-11.0.27-1!/jdk.naming.rmi" type="simple" />
            <root url="jrt://$USER_HOME$/.jdks/ms-11.0.27-1!/jdk.net" type="simple" />
            <root url="jrt://$USER_HOME$/.jdks/ms-11.0.27-1!/jdk.pack" type="simple" />
            <root url="jrt://$USER_HOME$/.jdks/ms-11.0.27-1!/jdk.rmic" type="simple" />
            <root url="jrt://$USER_HOME$/.jdks/ms-11.0.27-1!/jdk.scripting.nashorn" type="simple" />
            <root url="jrt://$USER_HOME$/.jdks/ms-11.0.27-1!/jdk.scripting.nashorn.shell" type="simple" />
            <root url="jrt://$USER_HOME$/.jdks/ms-11.0.27-1!/jdk.sctp" type="simple" />
            <root url="jrt://$USER_HOME$/.jdks/ms-11.0.27-1!/jdk.security.auth" type="simple" />
            <root url="jrt://$USER_HOME$/.jdks/ms-11.0.27-1!/jdk.security.jgss" type="simple" />
            <root url="jrt://$USER_HOME$/.jdks/ms-11.0.27-1!/jdk.unsupported" type="simple" />
            <root url="jrt://$USER_HOME$/.jdks/ms-11.0.27-1!/jdk.unsupported.desktop" type="simple" />
            <root url="jrt://$USER_HOME$/.jdks/ms-11.0.27-1!/jdk.xml.dom" type="simple" />
            <root url="jrt://$USER_HOME$/.jdks/ms-11.0.27-1!/jdk.zipfs" type="simple" />
          </root>
        </classPath>
        <javadocPath>
          <root type="composite" />
        </javadocPath>
        <sourcePath>
          <root type="composite">
            <root url="jar://$USER_HOME$/.jdks/ms-11.0.27-1/lib/src.zip!/java.se" type="simple" />
            <root url="jar://$USER_HOME$/.jdks/ms-11.0.27-1/lib/src.zip!/jdk.aot" type="simple" />
            <root url="jar://$USER_HOME$/.jdks/ms-11.0.27-1/lib/src.zip!/jdk.jdi" type="simple" />
            <root url="jar://$USER_HOME$/.jdks/ms-11.0.27-1/lib/src.zip!/jdk.jfr" type="simple" />
            <root url="jar://$USER_HOME$/.jdks/ms-11.0.27-1/lib/src.zip!/jdk.net" type="simple" />
            <root url="jar://$USER_HOME$/.jdks/ms-11.0.27-1/lib/src.zip!/java.rmi" type="simple" />
            <root url="jar://$USER_HOME$/.jdks/ms-11.0.27-1/lib/src.zip!/java.sql" type="simple" />
            <root url="jar://$USER_HOME$/.jdks/ms-11.0.27-1/lib/src.zip!/java.xml" type="simple" />
            <root url="jar://$USER_HOME$/.jdks/ms-11.0.27-1/lib/src.zip!/jdk.jcmd" type="simple" />
            <root url="jar://$USER_HOME$/.jdks/ms-11.0.27-1/lib/src.zip!/jdk.pack" type="simple" />
            <root url="jar://$USER_HOME$/.jdks/ms-11.0.27-1/lib/src.zip!/jdk.rmic" type="simple" />
            <root url="jar://$USER_HOME$/.jdks/ms-11.0.27-1/lib/src.zip!/jdk.sctp" type="simple" />
            <root url="jar://$USER_HOME$/.jdks/ms-11.0.27-1/lib/src.zip!/java.base" type="simple" />
            <root url="jar://$USER_HOME$/.jdks/ms-11.0.27-1/lib/src.zip!/jdk.jdeps" type="simple" />
            <root url="jar://$USER_HOME$/.jdks/ms-11.0.27-1/lib/src.zip!/jdk.jlink" type="simple" />
            <root url="jar://$USER_HOME$/.jdks/ms-11.0.27-1/lib/src.zip!/jdk.zipfs" type="simple" />
            <root url="jar://$USER_HOME$/.jdks/ms-11.0.27-1/lib/src.zip!/java.prefs" type="simple" />
            <root url="jar://$USER_HOME$/.jdks/ms-11.0.27-1/lib/src.zip!/jdk.attach" type="simple" />
            <root url="jar://$USER_HOME$/.jdks/ms-11.0.27-1/lib/src.zip!/jdk.jshell" type="simple" />
            <root url="jar://$USER_HOME$/.jdks/ms-11.0.27-1/lib/src.zip!/jdk.jstatd" type="simple" />
            <root url="jar://$USER_HOME$/.jdks/ms-11.0.27-1/lib/src.zip!/java.naming" type="simple" />
            <root url="jar://$USER_HOME$/.jdks/ms-11.0.27-1/lib/src.zip!/jdk.editpad" type="simple" />
            <root url="jar://$USER_HOME$/.jdks/ms-11.0.27-1/lib/src.zip!/jdk.jartool" type="simple" />
            <root url="jar://$USER_HOME$/.jdks/ms-11.0.27-1/lib/src.zip!/jdk.javadoc" type="simple" />
            <root url="jar://$USER_HOME$/.jdks/ms-11.0.27-1/lib/src.zip!/jdk.xml.dom" type="simple" />
            <root url="jar://$USER_HOME$/.jdks/ms-11.0.27-1/lib/src.zip!/java.desktop" type="simple" />
            <root url="jar://$USER_HOME$/.jdks/ms-11.0.27-1/lib/src.zip!/java.logging" type="simple" />
            <root url="jar://$USER_HOME$/.jdks/ms-11.0.27-1/lib/src.zip!/jdk.charsets" type="simple" />
            <root url="jar://$USER_HOME$/.jdks/ms-11.0.27-1/lib/src.zip!/jdk.compiler" type="simple" />
            <root url="jar://$USER_HOME$/.jdks/ms-11.0.27-1/lib/src.zip!/jdk.dynalink" type="simple" />
            <root url="jar://$USER_HOME$/.jdks/ms-11.0.27-1/lib/src.zip!/jdk.jconsole" type="simple" />
            <root url="jar://$USER_HOME$/.jdks/ms-11.0.27-1/lib/src.zip!/jdk.jsobject" type="simple" />
            <root url="jar://$USER_HOME$/.jdks/ms-11.0.27-1/lib/src.zip!/java.compiler" type="simple" />
            <root url="jar://$USER_HOME$/.jdks/ms-11.0.27-1/lib/src.zip!/java.net.http" type="simple" />
            <root url="jar://$USER_HOME$/.jdks/ms-11.0.27-1/lib/src.zip!/jdk.crypto.ec" type="simple" />
            <root url="jar://$USER_HOME$/.jdks/ms-11.0.27-1/lib/src.zip!/java.scripting" type="simple" />
            <root url="jar://$USER_HOME$/.jdks/ms-11.0.27-1/lib/src.zip!/jdk.httpserver" type="simple" />
            <root url="jar://$USER_HOME$/.jdks/ms-11.0.27-1/lib/src.zip!/jdk.jdwp.agent" type="simple" />
            <root url="jar://$USER_HOME$/.jdks/ms-11.0.27-1/lib/src.zip!/jdk.localedata" type="simple" />
            <root url="jar://$USER_HOME$/.jdks/ms-11.0.27-1/lib/src.zip!/jdk.management" type="simple" />
            <root url="jar://$USER_HOME$/.jdks/ms-11.0.27-1/lib/src.zip!/jdk.naming.dns" type="simple" />
            <root url="jar://$USER_HOME$/.jdks/ms-11.0.27-1/lib/src.zip!/jdk.naming.rmi" type="simple" />
            <root url="jar://$USER_HOME$/.jdks/ms-11.0.27-1/lib/src.zip!/java.instrument" type="simple" />
            <root url="jar://$USER_HOME$/.jdks/ms-11.0.27-1/lib/src.zip!/java.management" type="simple" />
            <root url="jar://$USER_HOME$/.jdks/ms-11.0.27-1/lib/src.zip!/java.sql.rowset" type="simple" />
            <root url="jar://$USER_HOME$/.jdks/ms-11.0.27-1/lib/src.zip!/java.xml.crypto" type="simple" />
            <root url="jar://$USER_HOME$/.jdks/ms-11.0.27-1/lib/src.zip!/jdk.internal.ed" type="simple" />
            <root url="jar://$USER_HOME$/.jdks/ms-11.0.27-1/lib/src.zip!/jdk.internal.le" type="simple" />
            <root url="jar://$USER_HOME$/.jdks/ms-11.0.27-1/lib/src.zip!/jdk.naming.ldap" type="simple" />
            <root url="jar://$USER_HOME$/.jdks/ms-11.0.27-1/lib/src.zip!/jdk.unsupported" type="simple" />
            <root url="jar://$USER_HOME$/.jdks/ms-11.0.27-1/lib/src.zip!/java.smartcardio" type="simple" />
            <root url="jar://$USER_HOME$/.jdks/ms-11.0.27-1/lib/src.zip!/jdk.internal.opt" type="simple" />
            <root url="jar://$USER_HOME$/.jdks/ms-11.0.27-1/lib/src.zip!/java.datatransfer" type="simple" />
            <root url="jar://$USER_HOME$/.jdks/ms-11.0.27-1/lib/src.zip!/jdk.accessibility" type="simple" />
            <root url="jar://$USER_HOME$/.jdks/ms-11.0.27-1/lib/src.zip!/jdk.hotspot.agent" type="simple" />
            <root url="jar://$USER_HOME$/.jdks/ms-11.0.27-1/lib/src.zip!/jdk.security.auth" type="simple" />
            <root url="jar://$USER_HOME$/.jdks/ms-11.0.27-1/lib/src.zip!/jdk.security.jgss" type="simple" />
            <root url="jar://$USER_HOME$/.jdks/ms-11.0.27-1/lib/src.zip!/java.security.jgss" type="simple" />
            <root url="jar://$USER_HOME$/.jdks/ms-11.0.27-1/lib/src.zip!/java.security.sasl" type="simple" />
            <root url="jar://$USER_HOME$/.jdks/ms-11.0.27-1/lib/src.zip!/jdk.internal.vm.ci" type="simple" />
            <root url="jar://$USER_HOME$/.jdks/ms-11.0.27-1/lib/src.zip!/jdk.management.jfr" type="simple" />
            <root url="jar://$USER_HOME$/.jdks/ms-11.0.27-1/lib/src.zip!/java.management.rmi" type="simple" />
            <root url="jar://$USER_HOME$/.jdks/ms-11.0.27-1/lib/src.zip!/java.transaction.xa" type="simple" />
            <root url="jar://$USER_HOME$/.jdks/ms-11.0.27-1/lib/src.zip!/jdk.crypto.cryptoki" type="simple" />
            <root url="jar://$USER_HOME$/.jdks/ms-11.0.27-1/lib/src.zip!/jdk.internal.jvmstat" type="simple" />
            <root url="jar://$USER_HOME$/.jdks/ms-11.0.27-1/lib/src.zip!/jdk.management.agent" type="simple" />
            <root url="jar://$USER_HOME$/.jdks/ms-11.0.27-1/lib/src.zip!/jdk.scripting.nashorn" type="simple" />
            <root url="jar://$USER_HOME$/.jdks/ms-11.0.27-1/lib/src.zip!/jdk.unsupported.desktop" type="simple" />
            <root url="jar://$USER_HOME$/.jdks/ms-11.0.27-1/lib/src.zip!/jdk.internal.vm.compiler" type="simple" />
            <root url="jar://$USER_HOME$/.jdks/ms-11.0.27-1/lib/src.zip!/jdk.scripting.nashorn.shell" type="simple" />
            <root url="jar://$USER_HOME$/.jdks/ms-11.0.27-1/lib/src.zip!/jdk.internal.vm.compiler.management" type="simple" />
          </root>
        </sourcePath>
      </roots>
    </jdk>
    <jdk version="2">
      <name value="temurin-1.8" />
      <type value="JavaSDK" />
      <version value="Eclipse Temurin 1.8.0_452" />
      <homePath value="$USER_HOME$/.gradle/jdks/temurin-8-amd64-linux.2" />
      <roots>
        <annotationsPath>
          <root type="composite">
            <root url="jar://$APPLICATION_HOME_DIR$/plugins/java/lib/resources/jdkAnnotations.jar!/" type="simple" />
          </root>
        </annotationsPath>
        <classPath>
          <root type="composite">
            <root url="jar://$USER_HOME$/.gradle/jdks/temurin-8-amd64-linux.2/jre/lib/charsets.jar!/" type="simple" />
            <root url="jar://$USER_HOME$/.gradle/jdks/temurin-8-amd64-linux.2/jre/lib/ext/cldrdata.jar!/" type="simple" />
            <root url="jar://$USER_HOME$/.gradle/jdks/temurin-8-amd64-linux.2/jre/lib/ext/dnsns.jar!/" type="simple" />
            <root url="jar://$USER_HOME$/.gradle/jdks/temurin-8-amd64-linux.2/jre/lib/ext/jaccess.jar!/" type="simple" />
            <root url="jar://$USER_HOME$/.gradle/jdks/temurin-8-amd64-linux.2/jre/lib/ext/localedata.jar!/" type="simple" />
            <root url="jar://$USER_HOME$/.gradle/jdks/temurin-8-amd64-linux.2/jre/lib/ext/nashorn.jar!/" type="simple" />
            <root url="jar://$USER_HOME$/.gradle/jdks/temurin-8-amd64-linux.2/jre/lib/ext/sunec.jar!/" type="simple" />
            <root url="jar://$USER_HOME$/.gradle/jdks/temurin-8-amd64-linux.2/jre/lib/ext/sunjce_provider.jar!/" type="simple" />
            <root url="jar://$USER_HOME$/.gradle/jdks/temurin-8-amd64-linux.2/jre/lib/ext/sunpkcs11.jar!/" type="simple" />
            <root url="jar://$USER_HOME$/.gradle/jdks/temurin-8-amd64-linux.2/jre/lib/ext/zipfs.jar!/" type="simple" />
            <root url="jar://$USER_HOME$/.gradle/jdks/temurin-8-amd64-linux.2/jre/lib/jce.jar!/" type="simple" />
            <root url="jar://$USER_HOME$/.gradle/jdks/temurin-8-amd64-linux.2/jre/lib/jfr.jar!/" type="simple" />
            <root url="jar://$USER_HOME$/.gradle/jdks/temurin-8-amd64-linux.2/jre/lib/jsse.jar!/" type="simple" />
            <root url="jar://$USER_HOME$/.gradle/jdks/temurin-8-amd64-linux.2/jre/lib/management-agent.jar!/" type="simple" />
            <root url="jar://$USER_HOME$/.gradle/jdks/temurin-8-amd64-linux.2/jre/lib/resources.jar!/" type="simple" />
            <root url="jar://$USER_HOME$/.gradle/jdks/temurin-8-amd64-linux.2/jre/lib/rt.jar!/" type="simple" />
          </root>
        </classPath>
        <javadocPath>
          <root type="composite" />
        </javadocPath>
        <sourcePath>
          <root type="composite">
            <root url="jar://$USER_HOME$/.gradle/jdks/temurin-8-amd64-linux.2/src.zip!/" type="simple" />
          </root>
        </sourcePath>
      </roots>
    </jdk>
    <jdk version="2">
      <name value="21" />
      <type value="JavaSDK" />
      <version value="21.0.7" />
      <homePath value="/usr/lib/jvm/java-21-openjdk" />
      <roots>
        <annotationsPath>
          <root type="composite">
            <root url="jar://$APPLICATION_HOME_DIR$/plugins/java/lib/resources/jdkAnnotations.jar!/" type="simple" />
          </root>
        </annotationsPath>
        <classPath>
          <root type="composite">
            <root url="jrt:///usr/lib/jvm/java-21-openjdk!/java.base" type="simple" />
            <root url="jrt:///usr/lib/jvm/java-21-openjdk!/java.compiler" type="simple" />
            <root url="jrt:///usr/lib/jvm/java-21-openjdk!/java.datatransfer" type="simple" />
            <root url="jrt:///usr/lib/jvm/java-21-openjdk!/java.desktop" type="simple" />
            <root url="jrt:///usr/lib/jvm/java-21-openjdk!/java.instrument" type="simple" />
            <root url="jrt:///usr/lib/jvm/java-21-openjdk!/java.logging" type="simple" />
            <root url="jrt:///usr/lib/jvm/java-21-openjdk!/java.management" type="simple" />
            <root url="jrt:///usr/lib/jvm/java-21-openjdk!/java.management.rmi" type="simple" />
            <root url="jrt:///usr/lib/jvm/java-21-openjdk!/java.naming" type="simple" />
            <root url="jrt:///usr/lib/jvm/java-21-openjdk!/java.net.http" type="simple" />
            <root url="jrt:///usr/lib/jvm/java-21-openjdk!/java.prefs" type="simple" />
            <root url="jrt:///usr/lib/jvm/java-21-openjdk!/java.rmi" type="simple" />
            <root url="jrt:///usr/lib/jvm/java-21-openjdk!/java.scripting" type="simple" />
            <root url="jrt:///usr/lib/jvm/java-21-openjdk!/java.se" type="simple" />
            <root url="jrt:///usr/lib/jvm/java-21-openjdk!/java.security.jgss" type="simple" />
            <root url="jrt:///usr/lib/jvm/java-21-openjdk!/java.security.sasl" type="simple" />
            <root url="jrt:///usr/lib/jvm/java-21-openjdk!/java.smartcardio" type="simple" />
            <root url="jrt:///usr/lib/jvm/java-21-openjdk!/java.sql" type="simple" />
            <root url="jrt:///usr/lib/jvm/java-21-openjdk!/java.sql.rowset" type="simple" />
            <root url="jrt:///usr/lib/jvm/java-21-openjdk!/java.transaction.xa" type="simple" />
            <root url="jrt:///usr/lib/jvm/java-21-openjdk!/java.xml" type="simple" />
            <root url="jrt:///usr/lib/jvm/java-21-openjdk!/java.xml.crypto" type="simple" />
            <root url="jrt:///usr/lib/jvm/java-21-openjdk!/jdk.accessibility" type="simple" />
            <root url="jrt:///usr/lib/jvm/java-21-openjdk!/jdk.attach" type="simple" />
            <root url="jrt:///usr/lib/jvm/java-21-openjdk!/jdk.charsets" type="simple" />
            <root url="jrt:///usr/lib/jvm/java-21-openjdk!/jdk.compiler" type="simple" />
            <root url="jrt:///usr/lib/jvm/java-21-openjdk!/jdk.crypto.cryptoki" type="simple" />
            <root url="jrt:///usr/lib/jvm/java-21-openjdk!/jdk.crypto.ec" type="simple" />
            <root url="jrt:///usr/lib/jvm/java-21-openjdk!/jdk.dynalink" type="simple" />
            <root url="jrt:///usr/lib/jvm/java-21-openjdk!/jdk.editpad" type="simple" />
            <root url="jrt:///usr/lib/jvm/java-21-openjdk!/jdk.hotspot.agent" type="simple" />
            <root url="jrt:///usr/lib/jvm/java-21-openjdk!/jdk.httpserver" type="simple" />
            <root url="jrt:///usr/lib/jvm/java-21-openjdk!/jdk.incubator.vector" type="simple" />
            <root url="jrt:///usr/lib/jvm/java-21-openjdk!/jdk.internal.ed" type="simple" />
            <root url="jrt:///usr/lib/jvm/java-21-openjdk!/jdk.internal.jvmstat" type="simple" />
            <root url="jrt:///usr/lib/jvm/java-21-openjdk!/jdk.internal.le" type="simple" />
            <root url="jrt:///usr/lib/jvm/java-21-openjdk!/jdk.internal.opt" type="simple" />
            <root url="jrt:///usr/lib/jvm/java-21-openjdk!/jdk.internal.vm.ci" type="simple" />
            <root url="jrt:///usr/lib/jvm/java-21-openjdk!/jdk.internal.vm.compiler" type="simple" />
            <root url="jrt:///usr/lib/jvm/java-21-openjdk!/jdk.internal.vm.compiler.management" type="simple" />
            <root url="jrt:///usr/lib/jvm/java-21-openjdk!/jdk.jartool" type="simple" />
            <root url="jrt:///usr/lib/jvm/java-21-openjdk!/jdk.javadoc" type="simple" />
            <root url="jrt:///usr/lib/jvm/java-21-openjdk!/jdk.jcmd" type="simple" />
            <root url="jrt:///usr/lib/jvm/java-21-openjdk!/jdk.jconsole" type="simple" />
            <root url="jrt:///usr/lib/jvm/java-21-openjdk!/jdk.jdeps" type="simple" />
            <root url="jrt:///usr/lib/jvm/java-21-openjdk!/jdk.jdi" type="simple" />
            <root url="jrt:///usr/lib/jvm/java-21-openjdk!/jdk.jdwp.agent" type="simple" />
            <root url="jrt:///usr/lib/jvm/java-21-openjdk!/jdk.jfr" type="simple" />
            <root url="jrt:///usr/lib/jvm/java-21-openjdk!/jdk.jlink" type="simple" />
            <root url="jrt:///usr/lib/jvm/java-21-openjdk!/jdk.jpackage" type="simple" />
            <root url="jrt:///usr/lib/jvm/java-21-openjdk!/jdk.jshell" type="simple" />
            <root url="jrt:///usr/lib/jvm/java-21-openjdk!/jdk.jsobject" type="simple" />
            <root url="jrt:///usr/lib/jvm/java-21-openjdk!/jdk.jstatd" type="simple" />
            <root url="jrt:///usr/lib/jvm/java-21-openjdk!/jdk.localedata" type="simple" />
            <root url="jrt:///usr/lib/jvm/java-21-openjdk!/jdk.management" type="simple" />
            <root url="jrt:///usr/lib/jvm/java-21-openjdk!/jdk.management.agent" type="simple" />
            <root url="jrt:///usr/lib/jvm/java-21-openjdk!/jdk.management.jfr" type="simple" />
            <root url="jrt:///usr/lib/jvm/java-21-openjdk!/jdk.naming.dns" type="simple" />
            <root url="jrt:///usr/lib/jvm/java-21-openjdk!/jdk.naming.rmi" type="simple" />
            <root url="jrt:///usr/lib/jvm/java-21-openjdk!/jdk.net" type="simple" />
            <root url="jrt:///usr/lib/jvm/java-21-openjdk!/jdk.nio.mapmode" type="simple" />
            <root url="jrt:///usr/lib/jvm/java-21-openjdk!/jdk.random" type="simple" />
            <root url="jrt:///usr/lib/jvm/java-21-openjdk!/jdk.sctp" type="simple" />
            <root url="jrt:///usr/lib/jvm/java-21-openjdk!/jdk.security.auth" type="simple" />
            <root url="jrt:///usr/lib/jvm/java-21-openjdk!/jdk.security.jgss" type="simple" />
            <root url="jrt:///usr/lib/jvm/java-21-openjdk!/jdk.unsupported" type="simple" />
            <root url="jrt:///usr/lib/jvm/java-21-openjdk!/jdk.unsupported.desktop" type="simple" />
            <root url="jrt:///usr/lib/jvm/java-21-openjdk!/jdk.xml.dom" type="simple" />
            <root url="jrt:///usr/lib/jvm/java-21-openjdk!/jdk.zipfs" type="simple" />
          </root>
        </classPath>
        <javadocPath>
          <root type="composite">
            <root url="https://docs.oracle.com/en/java/javase/21/docs/api/" type="simple" />
          </root>
        </javadocPath>
        <sourcePath>
          <root type="composite">
            <root url="jar://$USER_HOME$/.sdkman/candidates/java/21.0.4-amzn/lib/src.zip!/java.se" type="simple" />
            <root url="jar://$USER_HOME$/.sdkman/candidates/java/21.0.4-amzn/lib/src.zip!/jdk.jdi" type="simple" />
            <root url="jar://$USER_HOME$/.sdkman/candidates/java/21.0.4-amzn/lib/src.zip!/jdk.jfr" type="simple" />
            <root url="jar://$USER_HOME$/.sdkman/candidates/java/21.0.4-amzn/lib/src.zip!/jdk.net" type="simple" />
            <root url="jar://$USER_HOME$/.sdkman/candidates/java/21.0.4-amzn/lib/src.zip!/java.rmi" type="simple" />
            <root url="jar://$USER_HOME$/.sdkman/candidates/java/21.0.4-amzn/lib/src.zip!/java.sql" type="simple" />
            <root url="jar://$USER_HOME$/.sdkman/candidates/java/21.0.4-amzn/lib/src.zip!/java.xml" type="simple" />
            <root url="jar://$USER_HOME$/.sdkman/candidates/java/21.0.4-amzn/lib/src.zip!/jdk.jcmd" type="simple" />
            <root url="jar://$USER_HOME$/.sdkman/candidates/java/21.0.4-amzn/lib/src.zip!/jdk.sctp" type="simple" />
            <root url="jar://$USER_HOME$/.sdkman/candidates/java/21.0.4-amzn/lib/src.zip!/java.base" type="simple" />
            <root url="jar://$USER_HOME$/.sdkman/candidates/java/21.0.4-amzn/lib/src.zip!/jdk.jdeps" type="simple" />
            <root url="jar://$USER_HOME$/.sdkman/candidates/java/21.0.4-amzn/lib/src.zip!/jdk.jlink" type="simple" />
            <root url="jar://$USER_HOME$/.sdkman/candidates/java/21.0.4-amzn/lib/src.zip!/jdk.zipfs" type="simple" />
            <root url="jar://$USER_HOME$/.sdkman/candidates/java/21.0.4-amzn/lib/src.zip!/java.prefs" type="simple" />
            <root url="jar://$USER_HOME$/.sdkman/candidates/java/21.0.4-amzn/lib/src.zip!/jdk.attach" type="simple" />
            <root url="jar://$USER_HOME$/.sdkman/candidates/java/21.0.4-amzn/lib/src.zip!/jdk.jshell" type="simple" />
            <root url="jar://$USER_HOME$/.sdkman/candidates/java/21.0.4-amzn/lib/src.zip!/jdk.jstatd" type="simple" />
            <root url="jar://$USER_HOME$/.sdkman/candidates/java/21.0.4-amzn/lib/src.zip!/jdk.random" type="simple" />
            <root url="jar://$USER_HOME$/.sdkman/candidates/java/21.0.4-amzn/lib/src.zip!/java.naming" type="simple" />
            <root url="jar://$USER_HOME$/.sdkman/candidates/java/21.0.4-amzn/lib/src.zip!/jdk.editpad" type="simple" />
            <root url="jar://$USER_HOME$/.sdkman/candidates/java/21.0.4-amzn/lib/src.zip!/jdk.jartool" type="simple" />
            <root url="jar://$USER_HOME$/.sdkman/candidates/java/21.0.4-amzn/lib/src.zip!/jdk.javadoc" type="simple" />
            <root url="jar://$USER_HOME$/.sdkman/candidates/java/21.0.4-amzn/lib/src.zip!/jdk.xml.dom" type="simple" />
            <root url="jar://$USER_HOME$/.sdkman/candidates/java/21.0.4-amzn/lib/src.zip!/java.desktop" type="simple" />
            <root url="jar://$USER_HOME$/.sdkman/candidates/java/21.0.4-amzn/lib/src.zip!/java.logging" type="simple" />
            <root url="jar://$USER_HOME$/.sdkman/candidates/java/21.0.4-amzn/lib/src.zip!/jdk.charsets" type="simple" />
            <root url="jar://$USER_HOME$/.sdkman/candidates/java/21.0.4-amzn/lib/src.zip!/jdk.compiler" type="simple" />
            <root url="jar://$USER_HOME$/.sdkman/candidates/java/21.0.4-amzn/lib/src.zip!/jdk.dynalink" type="simple" />
            <root url="jar://$USER_HOME$/.sdkman/candidates/java/21.0.4-amzn/lib/src.zip!/jdk.jconsole" type="simple" />
            <root url="jar://$USER_HOME$/.sdkman/candidates/java/21.0.4-amzn/lib/src.zip!/jdk.jpackage" type="simple" />
            <root url="jar://$USER_HOME$/.sdkman/candidates/java/21.0.4-amzn/lib/src.zip!/jdk.jsobject" type="simple" />
            <root url="jar://$USER_HOME$/.sdkman/candidates/java/21.0.4-amzn/lib/src.zip!/java.compiler" type="simple" />
            <root url="jar://$USER_HOME$/.sdkman/candidates/java/21.0.4-amzn/lib/src.zip!/java.net.http" type="simple" />
            <root url="jar://$USER_HOME$/.sdkman/candidates/java/21.0.4-amzn/lib/src.zip!/jdk.crypto.ec" type="simple" />
            <root url="jar://$USER_HOME$/.sdkman/candidates/java/21.0.4-amzn/lib/src.zip!/java.scripting" type="simple" />
            <root url="jar://$USER_HOME$/.sdkman/candidates/java/21.0.4-amzn/lib/src.zip!/jdk.httpserver" type="simple" />
            <root url="jar://$USER_HOME$/.sdkman/candidates/java/21.0.4-amzn/lib/src.zip!/jdk.jdwp.agent" type="simple" />
            <root url="jar://$USER_HOME$/.sdkman/candidates/java/21.0.4-amzn/lib/src.zip!/jdk.localedata" type="simple" />
            <root url="jar://$USER_HOME$/.sdkman/candidates/java/21.0.4-amzn/lib/src.zip!/jdk.management" type="simple" />
            <root url="jar://$USER_HOME$/.sdkman/candidates/java/21.0.4-amzn/lib/src.zip!/jdk.naming.dns" type="simple" />
            <root url="jar://$USER_HOME$/.sdkman/candidates/java/21.0.4-amzn/lib/src.zip!/jdk.naming.rmi" type="simple" />
            <root url="jar://$USER_HOME$/.sdkman/candidates/java/21.0.4-amzn/lib/src.zip!/java.instrument" type="simple" />
            <root url="jar://$USER_HOME$/.sdkman/candidates/java/21.0.4-amzn/lib/src.zip!/java.management" type="simple" />
            <root url="jar://$USER_HOME$/.sdkman/candidates/java/21.0.4-amzn/lib/src.zip!/java.sql.rowset" type="simple" />
            <root url="jar://$USER_HOME$/.sdkman/candidates/java/21.0.4-amzn/lib/src.zip!/java.xml.crypto" type="simple" />
            <root url="jar://$USER_HOME$/.sdkman/candidates/java/21.0.4-amzn/lib/src.zip!/jdk.internal.ed" type="simple" />
            <root url="jar://$USER_HOME$/.sdkman/candidates/java/21.0.4-amzn/lib/src.zip!/jdk.internal.le" type="simple" />
            <root url="jar://$USER_HOME$/.sdkman/candidates/java/21.0.4-amzn/lib/src.zip!/jdk.nio.mapmode" type="simple" />
            <root url="jar://$USER_HOME$/.sdkman/candidates/java/21.0.4-amzn/lib/src.zip!/jdk.unsupported" type="simple" />
            <root url="jar://$USER_HOME$/.sdkman/candidates/java/21.0.4-amzn/lib/src.zip!/java.smartcardio" type="simple" />
            <root url="jar://$USER_HOME$/.sdkman/candidates/java/21.0.4-amzn/lib/src.zip!/jdk.internal.opt" type="simple" />
            <root url="jar://$USER_HOME$/.sdkman/candidates/java/21.0.4-amzn/lib/src.zip!/java.datatransfer" type="simple" />
            <root url="jar://$USER_HOME$/.sdkman/candidates/java/21.0.4-amzn/lib/src.zip!/jdk.accessibility" type="simple" />
            <root url="jar://$USER_HOME$/.sdkman/candidates/java/21.0.4-amzn/lib/src.zip!/jdk.hotspot.agent" type="simple" />
            <root url="jar://$USER_HOME$/.sdkman/candidates/java/21.0.4-amzn/lib/src.zip!/jdk.security.auth" type="simple" />
            <root url="jar://$USER_HOME$/.sdkman/candidates/java/21.0.4-amzn/lib/src.zip!/jdk.security.jgss" type="simple" />
            <root url="jar://$USER_HOME$/.sdkman/candidates/java/21.0.4-amzn/lib/src.zip!/java.security.jgss" type="simple" />
            <root url="jar://$USER_HOME$/.sdkman/candidates/java/21.0.4-amzn/lib/src.zip!/java.security.sasl" type="simple" />
            <root url="jar://$USER_HOME$/.sdkman/candidates/java/21.0.4-amzn/lib/src.zip!/jdk.internal.vm.ci" type="simple" />
            <root url="jar://$USER_HOME$/.sdkman/candidates/java/21.0.4-amzn/lib/src.zip!/jdk.management.jfr" type="simple" />
            <root url="jar://$USER_HOME$/.sdkman/candidates/java/21.0.4-amzn/lib/src.zip!/java.management.rmi" type="simple" />
            <root url="jar://$USER_HOME$/.sdkman/candidates/java/21.0.4-amzn/lib/src.zip!/java.transaction.xa" type="simple" />
            <root url="jar://$USER_HOME$/.sdkman/candidates/java/21.0.4-amzn/lib/src.zip!/jdk.crypto.cryptoki" type="simple" />
            <root url="jar://$USER_HOME$/.sdkman/candidates/java/21.0.4-amzn/lib/src.zip!/jdk.incubator.vector" type="simple" />
            <root url="jar://$USER_HOME$/.sdkman/candidates/java/21.0.4-amzn/lib/src.zip!/jdk.internal.jvmstat" type="simple" />
            <root url="jar://$USER_HOME$/.sdkman/candidates/java/21.0.4-amzn/lib/src.zip!/jdk.management.agent" type="simple" />
            <root url="jar://$USER_HOME$/.sdkman/candidates/java/21.0.4-amzn/lib/src.zip!/jdk.unsupported.desktop" type="simple" />
            <root url="jar://$USER_HOME$/.sdkman/candidates/java/21.0.4-amzn/lib/src.zip!/jdk.internal.vm.compiler" type="simple" />
            <root url="jar://$USER_HOME$/.sdkman/candidates/java/21.0.4-amzn/lib/src.zip!/jdk.internal.vm.compiler.management" type="simple" />
          </root>
        </sourcePath>
      </roots>
    </jdk>
    <jdk version="2">
      <name value="corretto-21" />
      <type value="JavaSDK" />
      <version value="Amazon Corretto 21.0.7" />
      <homePath value="$USER_HOME$/.sdkman/candidates/java/21.0.7-amzn" />
      <roots>
        <annotationsPath>
          <root type="composite">
            <root url="jar://$APPLICATION_HOME_DIR$/plugins/java/lib/resources/jdkAnnotations.jar!/" type="simple" />
          </root>
        </annotationsPath>
        <classPath>
          <root type="composite">
            <root url="jrt://$USER_HOME$/.sdkman/candidates/java/21.0.7-amzn!/java.base" type="simple" />
            <root url="jrt://$USER_HOME$/.sdkman/candidates/java/21.0.7-amzn!/java.compiler" type="simple" />
            <root url="jrt://$USER_HOME$/.sdkman/candidates/java/21.0.7-amzn!/java.datatransfer" type="simple" />
            <root url="jrt://$USER_HOME$/.sdkman/candidates/java/21.0.7-amzn!/java.desktop" type="simple" />
            <root url="jrt://$USER_HOME$/.sdkman/candidates/java/21.0.7-amzn!/java.instrument" type="simple" />
            <root url="jrt://$USER_HOME$/.sdkman/candidates/java/21.0.7-amzn!/java.logging" type="simple" />
            <root url="jrt://$USER_HOME$/.sdkman/candidates/java/21.0.7-amzn!/java.management" type="simple" />
            <root url="jrt://$USER_HOME$/.sdkman/candidates/java/21.0.7-amzn!/java.management.rmi" type="simple" />
            <root url="jrt://$USER_HOME$/.sdkman/candidates/java/21.0.7-amzn!/java.naming" type="simple" />
            <root url="jrt://$USER_HOME$/.sdkman/candidates/java/21.0.7-amzn!/java.net.http" type="simple" />
            <root url="jrt://$USER_HOME$/.sdkman/candidates/java/21.0.7-amzn!/java.prefs" type="simple" />
            <root url="jrt://$USER_HOME$/.sdkman/candidates/java/21.0.7-amzn!/java.rmi" type="simple" />
            <root url="jrt://$USER_HOME$/.sdkman/candidates/java/21.0.7-amzn!/java.scripting" type="simple" />
            <root url="jrt://$USER_HOME$/.sdkman/candidates/java/21.0.7-amzn!/java.se" type="simple" />
            <root url="jrt://$USER_HOME$/.sdkman/candidates/java/21.0.7-amzn!/java.security.jgss" type="simple" />
            <root url="jrt://$USER_HOME$/.sdkman/candidates/java/21.0.7-amzn!/java.security.sasl" type="simple" />
            <root url="jrt://$USER_HOME$/.sdkman/candidates/java/21.0.7-amzn!/java.smartcardio" type="simple" />
            <root url="jrt://$USER_HOME$/.sdkman/candidates/java/21.0.7-amzn!/java.sql" type="simple" />
            <root url="jrt://$USER_HOME$/.sdkman/candidates/java/21.0.7-amzn!/java.sql.rowset" type="simple" />
            <root url="jrt://$USER_HOME$/.sdkman/candidates/java/21.0.7-amzn!/java.transaction.xa" type="simple" />
            <root url="jrt://$USER_HOME$/.sdkman/candidates/java/21.0.7-amzn!/java.xml" type="simple" />
            <root url="jrt://$USER_HOME$/.sdkman/candidates/java/21.0.7-amzn!/java.xml.crypto" type="simple" />
            <root url="jrt://$USER_HOME$/.sdkman/candidates/java/21.0.7-amzn!/jdk.accessibility" type="simple" />
            <root url="jrt://$USER_HOME$/.sdkman/candidates/java/21.0.7-amzn!/jdk.attach" type="simple" />
            <root url="jrt://$USER_HOME$/.sdkman/candidates/java/21.0.7-amzn!/jdk.charsets" type="simple" />
            <root url="jrt://$USER_HOME$/.sdkman/candidates/java/21.0.7-amzn!/jdk.compiler" type="simple" />
            <root url="jrt://$USER_HOME$/.sdkman/candidates/java/21.0.7-amzn!/jdk.crypto.cryptoki" type="simple" />
            <root url="jrt://$USER_HOME$/.sdkman/candidates/java/21.0.7-amzn!/jdk.crypto.ec" type="simple" />
            <root url="jrt://$USER_HOME$/.sdkman/candidates/java/21.0.7-amzn!/jdk.dynalink" type="simple" />
            <root url="jrt://$USER_HOME$/.sdkman/candidates/java/21.0.7-amzn!/jdk.editpad" type="simple" />
            <root url="jrt://$USER_HOME$/.sdkman/candidates/java/21.0.7-amzn!/jdk.hotspot.agent" type="simple" />
            <root url="jrt://$USER_HOME$/.sdkman/candidates/java/21.0.7-amzn!/jdk.httpserver" type="simple" />
            <root url="jrt://$USER_HOME$/.sdkman/candidates/java/21.0.7-amzn!/jdk.incubator.vector" type="simple" />
            <root url="jrt://$USER_HOME$/.sdkman/candidates/java/21.0.7-amzn!/jdk.internal.ed" type="simple" />
            <root url="jrt://$USER_HOME$/.sdkman/candidates/java/21.0.7-amzn!/jdk.internal.jvmstat" type="simple" />
            <root url="jrt://$USER_HOME$/.sdkman/candidates/java/21.0.7-amzn!/jdk.internal.le" type="simple" />
            <root url="jrt://$USER_HOME$/.sdkman/candidates/java/21.0.7-amzn!/jdk.internal.opt" type="simple" />
            <root url="jrt://$USER_HOME$/.sdkman/candidates/java/21.0.7-amzn!/jdk.internal.vm.ci" type="simple" />
            <root url="jrt://$USER_HOME$/.sdkman/candidates/java/21.0.7-amzn!/jdk.internal.vm.compiler" type="simple" />
            <root url="jrt://$USER_HOME$/.sdkman/candidates/java/21.0.7-amzn!/jdk.internal.vm.compiler.management" type="simple" />
            <root url="jrt://$USER_HOME$/.sdkman/candidates/java/21.0.7-amzn!/jdk.jartool" type="simple" />
            <root url="jrt://$USER_HOME$/.sdkman/candidates/java/21.0.7-amzn!/jdk.javadoc" type="simple" />
            <root url="jrt://$USER_HOME$/.sdkman/candidates/java/21.0.7-amzn!/jdk.jcmd" type="simple" />
            <root url="jrt://$USER_HOME$/.sdkman/candidates/java/21.0.7-amzn!/jdk.jconsole" type="simple" />
            <root url="jrt://$USER_HOME$/.sdkman/candidates/java/21.0.7-amzn!/jdk.jdeps" type="simple" />
            <root url="jrt://$USER_HOME$/.sdkman/candidates/java/21.0.7-amzn!/jdk.jdi" type="simple" />
            <root url="jrt://$USER_HOME$/.sdkman/candidates/java/21.0.7-amzn!/jdk.jdwp.agent" type="simple" />
            <root url="jrt://$USER_HOME$/.sdkman/candidates/java/21.0.7-amzn!/jdk.jfr" type="simple" />
            <root url="jrt://$USER_HOME$/.sdkman/candidates/java/21.0.7-amzn!/jdk.jlink" type="simple" />
            <root url="jrt://$USER_HOME$/.sdkman/candidates/java/21.0.7-amzn!/jdk.jpackage" type="simple" />
            <root url="jrt://$USER_HOME$/.sdkman/candidates/java/21.0.7-amzn!/jdk.jshell" type="simple" />
            <root url="jrt://$USER_HOME$/.sdkman/candidates/java/21.0.7-amzn!/jdk.jsobject" type="simple" />
            <root url="jrt://$USER_HOME$/.sdkman/candidates/java/21.0.7-amzn!/jdk.jstatd" type="simple" />
            <root url="jrt://$USER_HOME$/.sdkman/candidates/java/21.0.7-amzn!/jdk.localedata" type="simple" />
            <root url="jrt://$USER_HOME$/.sdkman/candidates/java/21.0.7-amzn!/jdk.management" type="simple" />
            <root url="jrt://$USER_HOME$/.sdkman/candidates/java/21.0.7-amzn!/jdk.management.agent" type="simple" />
            <root url="jrt://$USER_HOME$/.sdkman/candidates/java/21.0.7-amzn!/jdk.management.jfr" type="simple" />
            <root url="jrt://$USER_HOME$/.sdkman/candidates/java/21.0.7-amzn!/jdk.naming.dns" type="simple" />
            <root url="jrt://$USER_HOME$/.sdkman/candidates/java/21.0.7-amzn!/jdk.naming.rmi" type="simple" />
            <root url="jrt://$USER_HOME$/.sdkman/candidates/java/21.0.7-amzn!/jdk.net" type="simple" />
            <root url="jrt://$USER_HOME$/.sdkman/candidates/java/21.0.7-amzn!/jdk.nio.mapmode" type="simple" />
            <root url="jrt://$USER_HOME$/.sdkman/candidates/java/21.0.7-amzn!/jdk.random" type="simple" />
            <root url="jrt://$USER_HOME$/.sdkman/candidates/java/21.0.7-amzn!/jdk.sctp" type="simple" />
            <root url="jrt://$USER_HOME$/.sdkman/candidates/java/21.0.7-amzn!/jdk.security.auth" type="simple" />
            <root url="jrt://$USER_HOME$/.sdkman/candidates/java/21.0.7-amzn!/jdk.security.jgss" type="simple" />
            <root url="jrt://$USER_HOME$/.sdkman/candidates/java/21.0.7-amzn!/jdk.unsupported" type="simple" />
            <root url="jrt://$USER_HOME$/.sdkman/candidates/java/21.0.7-amzn!/jdk.unsupported.desktop" type="simple" />
            <root url="jrt://$USER_HOME$/.sdkman/candidates/java/21.0.7-amzn!/jdk.xml.dom" type="simple" />
            <root url="jrt://$USER_HOME$/.sdkman/candidates/java/21.0.7-amzn!/jdk.zipfs" type="simple" />
          </root>
        </classPath>
        <javadocPath>
          <root type="composite" />
        </javadocPath>
        <sourcePath>
          <root type="composite">
            <root url="jar://$USER_HOME$/.sdkman/candidates/java/21.0.7-amzn/lib/src.zip!/java.se" type="simple" />
            <root url="jar://$USER_HOME$/.sdkman/candidates/java/21.0.7-amzn/lib/src.zip!/jdk.jdi" type="simple" />
            <root url="jar://$USER_HOME$/.sdkman/candidates/java/21.0.7-amzn/lib/src.zip!/jdk.jfr" type="simple" />
            <root url="jar://$USER_HOME$/.sdkman/candidates/java/21.0.7-amzn/lib/src.zip!/jdk.net" type="simple" />
            <root url="jar://$USER_HOME$/.sdkman/candidates/java/21.0.7-amzn/lib/src.zip!/java.rmi" type="simple" />
            <root url="jar://$USER_HOME$/.sdkman/candidates/java/21.0.7-amzn/lib/src.zip!/java.sql" type="simple" />
            <root url="jar://$USER_HOME$/.sdkman/candidates/java/21.0.7-amzn/lib/src.zip!/java.xml" type="simple" />
            <root url="jar://$USER_HOME$/.sdkman/candidates/java/21.0.7-amzn/lib/src.zip!/jdk.jcmd" type="simple" />
            <root url="jar://$USER_HOME$/.sdkman/candidates/java/21.0.7-amzn/lib/src.zip!/jdk.sctp" type="simple" />
            <root url="jar://$USER_HOME$/.sdkman/candidates/java/21.0.7-amzn/lib/src.zip!/java.base" type="simple" />
            <root url="jar://$USER_HOME$/.sdkman/candidates/java/21.0.7-amzn/lib/src.zip!/jdk.jdeps" type="simple" />
            <root url="jar://$USER_HOME$/.sdkman/candidates/java/21.0.7-amzn/lib/src.zip!/jdk.jlink" type="simple" />
            <root url="jar://$USER_HOME$/.sdkman/candidates/java/21.0.7-amzn/lib/src.zip!/jdk.zipfs" type="simple" />
            <root url="jar://$USER_HOME$/.sdkman/candidates/java/21.0.7-amzn/lib/src.zip!/java.prefs" type="simple" />
            <root url="jar://$USER_HOME$/.sdkman/candidates/java/21.0.7-amzn/lib/src.zip!/jdk.attach" type="simple" />
            <root url="jar://$USER_HOME$/.sdkman/candidates/java/21.0.7-amzn/lib/src.zip!/jdk.jshell" type="simple" />
            <root url="jar://$USER_HOME$/.sdkman/candidates/java/21.0.7-amzn/lib/src.zip!/jdk.jstatd" type="simple" />
            <root url="jar://$USER_HOME$/.sdkman/candidates/java/21.0.7-amzn/lib/src.zip!/jdk.random" type="simple" />
            <root url="jar://$USER_HOME$/.sdkman/candidates/java/21.0.7-amzn/lib/src.zip!/java.naming" type="simple" />
            <root url="jar://$USER_HOME$/.sdkman/candidates/java/21.0.7-amzn/lib/src.zip!/jdk.editpad" type="simple" />
            <root url="jar://$USER_HOME$/.sdkman/candidates/java/21.0.7-amzn/lib/src.zip!/jdk.jartool" type="simple" />
            <root url="jar://$USER_HOME$/.sdkman/candidates/java/21.0.7-amzn/lib/src.zip!/jdk.javadoc" type="simple" />
            <root url="jar://$USER_HOME$/.sdkman/candidates/java/21.0.7-amzn/lib/src.zip!/jdk.xml.dom" type="simple" />
            <root url="jar://$USER_HOME$/.sdkman/candidates/java/21.0.7-amzn/lib/src.zip!/java.desktop" type="simple" />
            <root url="jar://$USER_HOME$/.sdkman/candidates/java/21.0.7-amzn/lib/src.zip!/java.logging" type="simple" />
            <root url="jar://$USER_HOME$/.sdkman/candidates/java/21.0.7-amzn/lib/src.zip!/jdk.charsets" type="simple" />
            <root url="jar://$USER_HOME$/.sdkman/candidates/java/21.0.7-amzn/lib/src.zip!/jdk.compiler" type="simple" />
            <root url="jar://$USER_HOME$/.sdkman/candidates/java/21.0.7-amzn/lib/src.zip!/jdk.dynalink" type="simple" />
            <root url="jar://$USER_HOME$/.sdkman/candidates/java/21.0.7-amzn/lib/src.zip!/jdk.jconsole" type="simple" />
            <root url="jar://$USER_HOME$/.sdkman/candidates/java/21.0.7-amzn/lib/src.zip!/jdk.jpackage" type="simple" />
            <root url="jar://$USER_HOME$/.sdkman/candidates/java/21.0.7-amzn/lib/src.zip!/jdk.jsobject" type="simple" />
            <root url="jar://$USER_HOME$/.sdkman/candidates/java/21.0.7-amzn/lib/src.zip!/java.compiler" type="simple" />
            <root url="jar://$USER_HOME$/.sdkman/candidates/java/21.0.7-amzn/lib/src.zip!/java.net.http" type="simple" />
            <root url="jar://$USER_HOME$/.sdkman/candidates/java/21.0.7-amzn/lib/src.zip!/jdk.crypto.ec" type="simple" />
            <root url="jar://$USER_HOME$/.sdkman/candidates/java/21.0.7-amzn/lib/src.zip!/java.scripting" type="simple" />
            <root url="jar://$USER_HOME$/.sdkman/candidates/java/21.0.7-amzn/lib/src.zip!/jdk.httpserver" type="simple" />
            <root url="jar://$USER_HOME$/.sdkman/candidates/java/21.0.7-amzn/lib/src.zip!/jdk.jdwp.agent" type="simple" />
            <root url="jar://$USER_HOME$/.sdkman/candidates/java/21.0.7-amzn/lib/src.zip!/jdk.localedata" type="simple" />
            <root url="jar://$USER_HOME$/.sdkman/candidates/java/21.0.7-amzn/lib/src.zip!/jdk.management" type="simple" />
            <root url="jar://$USER_HOME$/.sdkman/candidates/java/21.0.7-amzn/lib/src.zip!/jdk.naming.dns" type="simple" />
            <root url="jar://$USER_HOME$/.sdkman/candidates/java/21.0.7-amzn/lib/src.zip!/jdk.naming.rmi" type="simple" />
            <root url="jar://$USER_HOME$/.sdkman/candidates/java/21.0.7-amzn/lib/src.zip!/java.instrument" type="simple" />
            <root url="jar://$USER_HOME$/.sdkman/candidates/java/21.0.7-amzn/lib/src.zip!/java.management" type="simple" />
            <root url="jar://$USER_HOME$/.sdkman/candidates/java/21.0.7-amzn/lib/src.zip!/java.sql.rowset" type="simple" />
            <root url="jar://$USER_HOME$/.sdkman/candidates/java/21.0.7-amzn/lib/src.zip!/java.xml.crypto" type="simple" />
            <root url="jar://$USER_HOME$/.sdkman/candidates/java/21.0.7-amzn/lib/src.zip!/jdk.internal.ed" type="simple" />
            <root url="jar://$USER_HOME$/.sdkman/candidates/java/21.0.7-amzn/lib/src.zip!/jdk.internal.le" type="simple" />
            <root url="jar://$USER_HOME$/.sdkman/candidates/java/21.0.7-amzn/lib/src.zip!/jdk.nio.mapmode" type="simple" />
            <root url="jar://$USER_HOME$/.sdkman/candidates/java/21.0.7-amzn/lib/src.zip!/jdk.unsupported" type="simple" />
            <root url="jar://$USER_HOME$/.sdkman/candidates/java/21.0.7-amzn/lib/src.zip!/java.smartcardio" type="simple" />
            <root url="jar://$USER_HOME$/.sdkman/candidates/java/21.0.7-amzn/lib/src.zip!/jdk.internal.opt" type="simple" />
            <root url="jar://$USER_HOME$/.sdkman/candidates/java/21.0.7-amzn/lib/src.zip!/java.datatransfer" type="simple" />
            <root url="jar://$USER_HOME$/.sdkman/candidates/java/21.0.7-amzn/lib/src.zip!/jdk.accessibility" type="simple" />
            <root url="jar://$USER_HOME$/.sdkman/candidates/java/21.0.7-amzn/lib/src.zip!/jdk.hotspot.agent" type="simple" />
            <root url="jar://$USER_HOME$/.sdkman/candidates/java/21.0.7-amzn/lib/src.zip!/jdk.security.auth" type="simple" />
            <root url="jar://$USER_HOME$/.sdkman/candidates/java/21.0.7-amzn/lib/src.zip!/jdk.security.jgss" type="simple" />
            <root url="jar://$USER_HOME$/.sdkman/candidates/java/21.0.7-amzn/lib/src.zip!/java.security.jgss" type="simple" />
            <root url="jar://$USER_HOME$/.sdkman/candidates/java/21.0.7-amzn/lib/src.zip!/java.security.sasl" type="simple" />
            <root url="jar://$USER_HOME$/.sdkman/candidates/java/21.0.7-amzn/lib/src.zip!/jdk.internal.vm.ci" type="simple" />
            <root url="jar://$USER_HOME$/.sdkman/candidates/java/21.0.7-amzn/lib/src.zip!/jdk.management.jfr" type="simple" />
            <root url="jar://$USER_HOME$/.sdkman/candidates/java/21.0.7-amzn/lib/src.zip!/java.management.rmi" type="simple" />
            <root url="jar://$USER_HOME$/.sdkman/candidates/java/21.0.7-amzn/lib/src.zip!/java.transaction.xa" type="simple" />
            <root url="jar://$USER_HOME$/.sdkman/candidates/java/21.0.7-amzn/lib/src.zip!/jdk.crypto.cryptoki" type="simple" />
            <root url="jar://$USER_HOME$/.sdkman/candidates/java/21.0.7-amzn/lib/src.zip!/jdk.incubator.vector" type="simple" />
            <root url="jar://$USER_HOME$/.sdkman/candidates/java/21.0.7-amzn/lib/src.zip!/jdk.internal.jvmstat" type="simple" />
            <root url="jar://$USER_HOME$/.sdkman/candidates/java/21.0.7-amzn/lib/src.zip!/jdk.management.agent" type="simple" />
            <root url="jar://$USER_HOME$/.sdkman/candidates/java/21.0.7-amzn/lib/src.zip!/jdk.unsupported.desktop" type="simple" />
            <root url="jar://$USER_HOME$/.sdkman/candidates/java/21.0.7-amzn/lib/src.zip!/jdk.internal.vm.compiler" type="simple" />
            <root url="jar://$USER_HOME$/.sdkman/candidates/java/21.0.7-amzn/lib/src.zip!/jdk.internal.vm.compiler.management" type="simple" />
          </root>
        </sourcePath>
      </roots>
    </jdk>
  </component>
</application>