<application>
  <component name="BuildProcessSatisfactionSurveyStore">
    <option name="daysWithGradleBuilds" value="13" />
    <option name="firstKotlinGradleBuildTime" value="1728492696" />
    <option name="lastKotlinGradleBuildTime" value="1746700549" />
    <option name="nextCountedGradleBuild" value="1746786949" />
    <option name="userSawSurvey" value="true" />
  </component>
  <component name="KotlinNewUserTracker">
    <option name="firstKtFileOpened" value="1728490936" />
    <option name="lastKtFileOpened" value="1728582939" />
    <option name="newKtUserSince" value="1728490936" />
  </component>
</application>