<application>
  <component name="Trusted.Paths">
    <option name="TRUSTED_PROJECT_PATHS">
      <map>
        <entry key="$USER_HOME$/IdeaProjects/UdemyTesting" value="true" />
        <entry key="$USER_HOME$/IdeaProjects/rabbitmq_tutorials" value="true" />
        <entry key="$USER_HOME$/IdeaProjects/system_design_queue" value="true" />
        <entry key="$USER_HOME$/git_projects/hld3/LeetCode" value="true" />
        <entry key="$USER_HOME$/git_projects/hld3/implementations" value="true" />
        <entry key="$USER_HOME$/git_projects/hld3/testing_junit" value="true" />
        <entry key="$USER_HOME$/git_projects/hldodson/junit5" value="true" />
        <entry key="$USER_HOME$/git_projects/hldodson/quarkus" value="true" />
        <entry key="$USER_HOME$/projects/forks/junit5" value="true" />
        <entry key="$USER_HOME$/projects/hldodson/junit5" value="true" />
        <entry key="$USER_HOME$/projects/java/ModuleTest" value="true" />
        <entry key="$USER_HOME$/projects/java/ModuleTesting" value="true" />
        <entry key="$USER_HOME$/projects/java/ModuleTesting/GradleModule" value="true" />
        <entry key="$USER_HOME$/projects/java/backend-test-coderockr" value="true" />
        <entry key="$USER_HOME$/projects/java/hf_design_patterns" value="true" />
        <entry key="$USER_HOME$/projects/java/implementations" value="true" />
        <entry key="$USER_HOME$/projects/java/leetcode" value="true" />
        <entry key="$USER_HOME$/projects/java/messingaround" value="true" />
        <entry key="$USER_HOME$/projects/java/random" value="true" />
        <entry key="$USER_HOME$/projects/java/testing_junit" value="true" />
        <entry key="$USER_HOME$/projects/java/udemy" value="true" />
        <entry key="$USER_HOME$/projects/java/udemy/MyMod" value="true" />
        <entry key="$USER_HOME$/projects/java/udemytesting" value="true" />
      </map>
    </option>
  </component>
  <component name="Trusted.Paths.Settings">
    <option name="TRUSTED_PATHS">
      <list>
        <option value="$USER_HOME$/projects/forks" />
      </list>
    </option>
  </component>
</application>