<application>
  <component name="DimensionService">
    <location key="find.popup.0.0.1920.1080" x="376" y="147" />
    <location key="find.popup.1920.0.1920.1080" x="2296" y="147" />
    <size key="find.popup.0.0.1920.1080" width="1075" height="891" />
    <size key="GridCell.Tab.0.left.1920.0.1920.1080" width="870" height="346" />
    <size key="GridCell.Tab.0.center.1920.0.1920.1080" width="870" height="346" />
    <size key="GridCell.Tab.0.right.1920.0.1920.1080" width="870" height="346" />
    <size key="GridCell.Tab.0.bottom.1920.0.1920.1080" width="870" height="346" />
    <size key="GridCell.Tab.1.left.1920.0.1920.1080" width="1828" height="310" />
    <size key="GridCell.Tab.1.center.1920.0.1920.1080" width="1828" height="310" />
    <size key="GridCell.Tab.1.right.1920.0.1920.1080" width="1828" height="310" />
    <size key="GridCell.Tab.1.bottom.1920.0.1920.1080" width="1828" height="310" />
    <size key="GridCell.Tab.0.left.0.0.1920.1080" width="1828" height="300" />
    <size key="GridCell.Tab.0.center.0.0.1920.1080" width="1828" height="300" />
    <size key="GridCell.Tab.0.right.0.0.1920.1080" width="1828" height="300" />
    <size key="GridCell.Tab.0.bottom.0.0.1920.1080" width="1828" height="300" />
    <size key="find.popup.1920.0.1920.1080" width="1075" height="891" />
  </component>
  <component name="WindowManager">
    <frame x="1924" y="4" width="1912" height="1072" />
  </component>
  <component name="WindowStateApplicationService">
    <state width="830" height="843" key="ShowUsagesActions.dimensionServiceKey" timestamp="1743683450530">
      <screen x="0" y="0" width="1920" height="1080" />
    </state>
    <state width="830" height="843" key="ShowUsagesActions.dimensionServiceKey/0.0.1920.1080/1920.0.1920.1080" timestamp="1743683450530" />
  </component>
</application>